id,name,sex,university,university_short,awards,type,genre,country,location,rating,year,Produktionsfirma,Tatort
HtsD,How to sell Drugs online fast,99,,,0,3,2,,,,,,
HtsDS1,HtsD Staffel 1,99,,,0,2,2,DE,Koeln,,2019,Bildundtonfabrik,99
HtsDS1E1,HtsD Staffel 1 Episode 1,99,,,0,2,2,DE,Koeln,"7,7",2019,Bildundtonfabrik,99
HtsDS1E2,HtsD Staffel 1 Episode 2,99,,,0,2,2,DE,Koeln,"7,8",2019,Bildundtonfabrik,99
HtsDS1E3,HtsD Staffel 1 Episode 3,99,,,0,2,2,DE,Koeln,"7,7",2019,Bildundtonfabrik,99
HtsDS1E4,HtsD Staffel 1 Episode 4,99,,,0,2,2,DE,Koeln,"7,8",2019,Bildundtonfabrik,99
HtsDS1E5,HtsD Staffel 1 Episode 5,99,,,0,2,2,DE,Koeln,"7,9",2019,Bildundtonfabrik,99
HtsDS1E6,HtsD Staffel 1 Episode 6,99,,,0,2,2,DE,Koeln,"8,4",2019,Bildundtonfabrik,99
LM,Lars Montag,1,Kunsthochschule fuer Medien in Koeln,KHM,2,1,2,,,,,,99
TrTi,Traeume sind wie wilde Tiger,99,,,0,2,2,DE,Mumbai,"6,4",2022,KiKA,99
WeHe,Werkstatthelden mit Herz,99,,,0,2,2,DE,,"5,4",2020,Film Line Productions GmbH,99
StJo,St Josef am Berg,99,,,0,2,2,AUT,Rauris,"5,3",2018,Mona Film Produktion,99
EiSeMi,Einsamkeit und Sex und Mitleid,99,,,0,2,2,DE,,"6,4",2017,Herzfeld Productions,99
HeKlKr,Herzblut Ein Kluftinger Krimi,99,,,0,2,4,DE,,"6,3",2016,Odeon Fiction,99
ScKlKr,Schutzpatron Ein Kluftinger Krimi,99,,,0,2,4,DE,,"6,8",2016,Odeon Fiction,99
MaRe,Matterns Revier,99,,,0,2,2,DE,,"6,2",2015,,99
MoGe,Mord in bester Gesellschaft,99,,,0,2,2,AUT,,"5,2",2015,,99
HeZe,Heiter bis toedlich Zwischen den Zeilen,99,,,0,2,4,DE,Aachen,"6,7",2013,,99
AF,Arne Feldhusen,1,Kunsthochschule fuer Medien in Koeln,KHM,2,1,2,,,,,,99
BuBa,Buba,99,,,0,2,2,DE,,"5,9",2022,Bildundtonfabrik,99
TaRe,Tatortreiniger,99,,,0,2,2,DE,,"8,5",2018,Studio Hamburg,99
De86,Deutschland 86,99,,,0,2,99,DE,,"7,6",2018,UFA Fiction,99
MaMy,Magical Mystery,99,,,0,2,2,DE,Hamburg,"6,5",2017,ARD Degeto Film,99
VoLe,Vorsicht vor Leuten,99,,,0,2,2,DE,,"6,3",2015,Lailaps Pictures,99
StBe,Stromberg,99,,,0,2,2,DE,Arnsberg,"7,3",2014,Brainpool,99
SC,Sebastian Colley,1,,,3,1,2,,,,,,1
LaOnLa,LOL Last One Laughing,99,,,0,2,2,DE,,"7,5",2021,Constantin Entertainment,99
HoTat,How to Tatort,99,,,0,2,99,DE,Bremen,"6,8",2020,,99
ExTr,Extra 3,99,,,0,2,2,WDE,,"7,4",2020,Norddeutscher Rundfunk,99
GuArOr,Gute Arbeit Originals,99,,,0,2,2,DE,Koeln,"8,6",2016,Bildundtonfabrik,99
NeMa,Neo Magazin,99,,,0,2,2,DE,,"7,8",2014,Bildundtonfabrik,99
UwEr,Die unwahrscheinlichen Ereignisse im Leben von,99,,,0,2,2,DE,,"7,2",2014,Bildundtonfabrik,99
PoHo,Ponyhof,99,,,0,2,2,DE,,5,2015,Endemol Deutschland,99
WaWe,Was waere wenn,99,,,0,2,2,DE,,"7,6",2014,,99
DuZe,Das Duell um die Zeit,99,,,0,2,2,DE,Koeln,"6,8",2014,,99
CiHaGa,Circus HalliGalli,99,,,0,2,2,DE,,"6,6",2013,Endemol Deutschland,99
StFr,Sturmfrei,99,,,0,2,99,DE,,"6,6",2013,Bumm Film,99
PK,Philipp Kaessbohrer,1,Kunsthochschule fuer Medien in Koeln,KHM,3,1,2,,,,,,99
KiSt,King of Stonks,99,,,0,2,2,DE,Berlin,"6,7",2020,Bildundtonfabrik,99
DrIn,Drinnen im Internet sind alle gleich,99,,,0,2,2,DE,,"7,6",2020,Bildundtonfabrik,99
KrMa,Kroymann,99,,,0,2,2,DE,,"7,1",2018,Radio Bremen,99
MM,Matthias Murmann,1,Kunsthochschule fuer Medien in Koeln,KHM,2,1,2,,,,,,99
HtsDS2,HtsD Staffel 2,99,,,0,2,99,,,,,,99
HtsDS2E1,HtsD Staffel 2 Episode 1,99,,,0,2,2,DE,Koeln,"8,1",2020,Bildundtonfabrik,99
HtsDS2E2,HtsD Staffel 2 Episode 2,99,,,0,2,2,DE,Koeln,"7,7",2020,Bildundtonfabrik,99
HtsDS2E3,HtsD Staffel 2 Episode 3,99,,,0,2,2,DE,Koeln,8,2020,Bildundtonfabrik,99
HtsDS2E4,HtsD Staffel 2 Episode 4,99,,,0,2,2,DE,Koeln,"8,1",2020,Bildundtonfabrik,99
HtsDS2E5,HtsD Staffel 2 Episode 5,99,,,0,2,2,DE,Koeln,"8,1",2020,Bildundtonfabrik,99
HtsDS2E6,HtsD Staffel 2 Episode 6,99,,,0,2,2,DE,Koeln,"8,5",2020,Bildundtonfabrik,99
MS,Mia Spengler,2,Filmakademie Baden Wuerttemberg,FABW,2,1,2,,,,,,1
StFeSc,Strafe nach Ferdinand von Schirach,99,,,0,2,4,DE,,"7,2",2022,MOOVIE the art of entertainment,99
TaGoZe,Tatort Die goldene Zeit,99,,,0,2,4,WDE,Hamburg,"6,4",2019,Wueste Medien,99
TaScLe,Tatort Schattenleben,99,,,0,2,4,DE,Hamburg,6,2022,,99
FlLe,Fluss des Lebens,99,,,0,2,6,DE,,"5,8",2019,Schiwago Film,99
LeNiKl,Leg dich nicht mit Klara an,99,,,0,2,2,DE,Stuttgart,"5,2",2017,UFA Fiction,99
BaGo,Back for Good,99,,,0,2,2,DE,,"6,5",2017,Zum goldenen Lamm Filmproduktion,99
NiBoBe,Nicht den Boden beruehren,99,,,0,2,6,DE,,,2013,,99
NT,Natalie Thomas,2,Internationale Filmschule Koeln,IFS,0,1,2,,,,,,99
ST,Stefan Titze,1,Hochschule Macromedia,MHMK,1,1,2,,,,,,99
KaLa,Karacholand,99,,,0,2,2,DE,,"5,6",2018,Nashorn FIlmhaus AG,99
MF,Mats Frey,1,Zuercher Hochschule der Kuenste,ZHdK,1,1,2,,,,,,1
TsUg,Tschugger,99,,,0,2,2,CHE,Wallis,"8,3",2021,Shining Film,99
WaPo,WaPo Bodensee,99,,,0,2,4,DE,Bodensee,"4,9",2020,Saxonia Media Filmproduktionsgesellschaft,99
FuUm,Fuer Umme die Serie,99,,,0,2,2,DE,Berlin,"6,6",2019,Eotv,99
TaZwLe,Tatort Zwei Leben,99,,,0,2,4,DE,,"5,3",2017,ARD,99
TaElRa,Tatort Der Elefant im Raum,99,,,0,2,4,CHE,Lucerne,"5,1",2019,ARD,99
BeSt,Der Bestatter,99,,,0,2,4,CHE,,"7,3",2017,Snake Films,99
HtsDS3,HtsD Staffel 3,99,,,0,2,2,DE,Koeln,,2021,Bildundtonfabrik,99
HtsDS3E1,HtsD Staffel 3 Episode 1,99,,,0,2,2,DE,Koeln,"7,2",2021,Bildundtonfabrik,99
HtsDS3E2,HtsD Staffel 3 Episode 2,99,,,0,2,2,DE,Koeln,"7,6",2021,Bildundtonfabrik,99
HtsDS3E3,HtsD Staffel 3 Episode 3,99,,,0,2,2,DE,Koeln,"7,7",2021,Bildundtonfabrik,99
HtsDS3E4,HtsD Staffel 3 Episode 4,99,,,0,2,2,DE,Koeln,"7,9",2021,Bildundtonfabrik,99
HtsDS3E5,HtsD Staffel 3 Episode 5,99,,,0,2,2,DE,Koeln,"8,3",2021,Bildundtonfabrik,99
HtsDS3E6,HtsD Staffel 3 Episode 6,99,,,0,2,2,DE,Koeln,"8,4",2021,Bildundtonfabrik,99
Rw,Rohwedder Einigkeit Mord und Freiheit,99,,,0,3,99,,,,,,99
RwS1,Rw Staffel 1,99,,,0,2,4,DE,Berlin,,2020,Gebrueder Beetz Filmproduktion,99
RwS1E1,Rw Staffel 1 Episode 1,99,,,0,2,4,DE,Berlin,"7,3",2020,Gebrueder Beetz Filmproduktion,99
RwS1E2,Rw Staffel 1 Episode 2,99,,,0,2,4,DE,Berlin,"7,4",2020,Gebrueder Beetz Filmproduktion,99
RwS1E3,Rw Staffel 1 Episode 3,99,,,0,2,4,DE,Berlin,7,2020,Gebrueder Beetz Filmproduktion,99
RwS1E4,Rw Staffel 1 Episode 4,99,,,0,2,4,DE,Berlin,7,2020,Gebrueder Beetz Filmproduktion,99
JP,Jan Peter,1,,,1,1,4,,,,,,99
DeleFl,Der letzte Flug Ein deutsches Geheimnis,99,,,0,2,4,DE,,"8,2",2022,DOKfilmFernsehproduktion,99
De911,Deutschland 911,99,,,0,2,99,DE,Hamburg,"8,7",2021,DKfilmFernsehproduktion,99
KrdeTr,Krieg der Traeume,99,,,0,2,6,AU,,"7,8",2018,LOOKSfilm,99
GePo,Geheimauftrag Pontifex Der Vatikan im Kalten Krieg,99,,,0,2,99,DE,,"8,2",2015,DOKfilm Fernsehproduktion GmbH,99
GrWaDi,Great War Diaries,99,,,0,2,99,,,"8,8",2014,LOOKSfilm,99
14TaErWe,14 Tagebuecher des Ersten Weltkriegs,99,,,0,2,6,,,"8,5",2014,LOOKSfilm,99
GT,Georg Tschurtschenthaler,1,Wirtschaftsuniversitaet Wien,WU,1,1,4,,,,,,99
CB,Christian Beetz,1,Humboldt Universitaet Berlin,HU,2,1,4,,,,,,99
JuCa,Juan Carlos Downfall of the King,99,,,0,2,6,DE,Madrid,"7,1",2023,Gebrueder Beetz Filmproduktion,99
ReSp,Reeperbahn Spezialeinheit FD65,99,,,0,2,4,DE,,"8,2",2022,Gebrueder Beetz Filmproduktion,99
DaFo,Das Forum Rettet Davos die Welt,99,,,0,2,99,DE,,"7,2",2019,Gebrueder Beetz Filmproduktion,99
DiKu,Die Kulturakte,99,,,0,2,99,DE,,"6,8",2013,Gebrueder Beetz Filmproduktion,99
18,1899,99,,,1,3,99,,,,,,99
18S1,18 Staffel 1,99,,,0,2,6,,Berlin,,2022,Dark Ways,99
18S1E1,18 Staffel 1 Episode 1,99,,,0,2,6,,Berlin,8,2022,Dark Ways,99
18S1E2,18 Staffel 1 Episode 2,99,,,0,2,6,,Berlin,"7,6",2022,Dark Ways,99
18S1E3,18 Staffel 1 Episode 3,99,,,0,2,6,,Berlin,"7,7",2022,Dark Ways,99
18S1E4,18 Staffel 1 Episode 4,99,,,0,2,6,,Berlin,"7,9",2022,Dark Ways,99
18S1E5,18 Staffel 1 Episode 5,99,,,0,2,6,,Berlin,"8,4",2022,Dark Ways,99
18S1E6,18 Staffel 1 Episode 6,99,,,0,2,6,,Berlin,"7,9",2022,Dark Ways,99
18S1E7,18 Staffel 1 Episode 7,99,,,0,2,6,,Berlin,"8,1",2022,Dark Ways,99
18S1E8,18 Staffel 1 Episode 8,99,,,0,2,6,,Berlin,"8,4",2022,Dark Ways,99
SltoNa,Sleepless Eine toedliche Nacht,99,,,0,2,99,UK,,"5,6",2017,Open Road Films,99
WhAmI,Who Am I Kein System ist sicher,99,,,0,2,4,DE,Berlin,"7,5",2014,SevenPictures Film,99
Ma1899,Making 1899,99,,,0,2,99,DE,,"7,6",2022,,99
JLD,Juliana Lima Dehne,2,Sorbonne Universite,Paris IV,1,1,6,,,,,,99
OvLu,Over Lunch,99,,,0,2,2,DE,,8,2013,Dehne Lima Film,99
JF,Jantje Friese,2,Hochschule fuer Fernsehen und Film Muenchen,HFFM,1,1,6,,,,,,99
DM,Dario Madrona,1,,,1,1,6,,,,,,99
Tutienmior,Tu tijera en mi oreja,99,,,0,2,2,ESP,Madrid,"7,6",2023,Paciencia Films,99
LoPrADN,Los Protegidos A D N,99,,,0,2,2,ESP,,8,2022,Atresmedia,99
HidePr,Historias de Protegidos,99,,,0,2,6,ESP,,"6,6",2022,Buenida Estudios,99
EliTe,Elite,99,,,0,2,4,ESP,Madrid,"7,3",2018,Zeta Ficcion,99
LoPrElre,Los Protegidos El regreso,99,,,1,2,2,ESP,,"7,5",2021,Atresmedia,99
OnUsLy,One of Us Is Lying,99,,,0,2,4,UK,Neuseeland,"6,9",2021,5 More Minutes Productions,99
ElKuOmAnAl,Elite Kurzgeschichten Omar Ander Alexis,99,,,0,2,6,ESP,Madrid,"7,2",2021,Producciones Zeta,99
ElKuGuCaRe,Elite Kurzgeschichten Guzman Caye Rebe,99,,,0,2,4,ESP,Madrid,"7,4",2021,Producciones Zeta,99
AiKi,Air Kisses,99,,,0,2,2,ESP,,"6,1",2021,Alea Media,99
LoEl,Los Elegidos,99,,,0,2,6,MEX,,"6,8",2019,,99
Lekounge,Leute kommen und gehen,99,,,0,2,2,ESP,Katalonien,"6,2",2019,Atresmedia Cine,99
Visipe,Vivir sin permiso,99,,,0,2,6,ESP,Galicien,"7,4",2018,Alea Media,99
ViRo,Victor Ros,99,,,0,2,99,ESP,Madrid,7,2014,New Atlantis,99
Alquce,Algo que celebrar,99,,,0,2,2,ESP,,"6,8",2015,2oblefilo Producciones,99
ViCa,Vive Cantando,99,,,0,2,99,ESP,Madrid,"6,3",2013,2oblefilo Producciones,99
EK,Emma Ko,2,University of Bristol,UoB,1,1,6,,,,,,99
Firs,First,99,,,0,2,99,UK,,,2018,,99
DaCi,Danis Castle,99,,,0,2,2,UK,Northern Ireland,"5,9",2013,,99
HoLa,Hollyoaks Later,99,,,0,2,2,UK,Northern Ireland,7,2013,Lime Pictures,99
DaHo,Danis House,99,,,0,2,2,UK,Kent,6,2013,The Foundation,99
JBN,Jerome Bucchan Nelson,1,University of Edinburgh,UoE,0,1,6,,,,,,99
NoCr,Noughts Crosses,99,,,0,2,6,UK,,"6,3",2020,Mammoth Screen,99
Bupr,Bulletproof,99,,,0,2,4,UK,Liverpool,"6,7",2017,Vertigo Films,99
UnSt,Unsaid Stories,99,,,0,2,6,UK,,"4,7",2020,Greenacre Film,99
Caal,Casualty,99,,,0,2,6,UK,London,"6,1",2018,British Broadcasting Corporation,99
EaEn,East Enders,99,,,0,2,4,UK,Dorset,"4,7",2014,,99
Hooa,Hollyoaks,99,,,0,2,6,UK,Cheshire,"4,6",2013,Lime Pictures,99
ENA,Emil Nygaard Albertsen,1,Den Danske Filmskole,Filmskolen Dk,1,1,6,,,,,,99
ThGu,The Guilty,99,,,0,2,4,US,Kalifornien,"6,3",2021,Amet Entertainment,99
ThGuSk,The Guilty Den Skyldige,99,,,0,2,4,DNK,,"7,5",2018,Nordisk Film SPRING,99
DoTeMeYoDr,Dont Tell Me About Your Dreams,99,,,0,2,6,DNK,,"7,3",2017,Octopuss,99
JoTe,Joe Tech,99,,,0,2,2,DNK,,"6,2",2017,Nordisk Film SPRING,99
KaFr,Kanonkongen Freja,99,,,1,2,99,DNK,,"8,3",2016,,99
Imo,I morke,99,,,0,2,6,DNK,,"6,5",2015,Den Danske Filmskole,99
Heve,Heaven,99,,,0,2,6,DNK,Mallorca,"6,7",2015,Den Danske Filmskole,99
EliTen,Eliten,99,,,0,2,6,DNK,,"5,6",2015,Eliten Film,99
Sl,Skylines,99,,,0,3,99,,,,,,99
SlS1,Sl Staffel 1,99,,,0,2,4,DE,Frankfurt am Main,,2019,Stick Up Filmproduktion,99
SlS1E1,Sl Staffel 1 Episode 1,99,,,0,2,4,DE,Frankfurt am Main,"7,2",2019,Stick Up Filmproduktion,99
SlS1E2,Sl Staffel 1 Episode 2,99,,,0,2,4,DE,Frankfurt am Main,8,2019,Stick Up Filmproduktion,99
SlS1E3,Sl Staffel 1 Episode 3,99,,,0,2,4,DE,Frankfurt am Main,8,2019,Stick Up Filmproduktion,99
SlS1E4,Sl Staffel 1 Episode 4,99,,,0,2,4,DE,Frankfurt am Main,"8,1",2019,Stick Up Filmproduktion,99
SlS1E5,Sl Staffel 1 Episode 5,99,,,0,2,4,DE,Frankfurt am Main,"8,4",2019,Stick Up Filmproduktion,99
SlS1E6,Sl Staffel 1 Episode 6,99,,,0,2,4,DE,Frankfurt am Main,"8,1",2019,Stick Up Filmproduktion,99
ME,Maximilian Erlenwein,1,Deutsche Film und Fernsehakademie Berlin,DFFB,1,1,4,,,,,,99
ThDi,The Dive,99,,,0,2,99,DE,Malta,"5,6",2023,Augenschein Filmproduktion,99
Stere,Stereo,99,,,0,2,4,DE,Bavaria,"6,5",2014,Frisbeefilms,99
OL,Ole Lohmann,1,,,1,1,4,,,,,,99
KZM,Kim Zimmermann,2,Hochschule fuer Film und Fernsehen Potsdam Babelsberg,HFFP,0,1,4,,,,,,99
DePa,Der Parfumeur,99,,,0,2,4,DE,,"3,6",2022,Constantin Television,99
ZEZeAb,ZERV Zeit der Abrechnung,99,,,0,2,4,DE,Tschechische Republik,"6,8",2022,Gabriela Sperl Produktion,99
SY,Soleen Yusef,2,Filmakademie Baden Wuerttemberg,FABW,1,1,4,,,,,,99
SaEiSa,Sam Ein Sachse,99,,,0,2,4,DE,Berlin,"6,6",2023,Big Window Productions,99
De89,Deutschland 89,99,,,0,2,6,DE,Berlin,"7,7",2020,UFA Fiction,99
MeKoTa,Meiberger Im Kopf des Taeters,99,,,0,2,4,AUT,,"7,2",2018,Mona Film Produktion,99
SOLe,SOKO Leipzig,99,,,0,2,4,DE,Leipzig,"5,7",2018,UFA Fiction,99
HaohDa,Haus ohne Dach,99,,,0,2,6,DE,Duhok Kurdistan,"7,1",2017,Mitos Film,99
OK,Oliver Karan,1,University of Miami,UoM,1,1,4,,,,,,99
AA,Arne Ahrens,1,Johannes Gutenberg Universitaet Mainz,JGU,2,1,4,,,,,,99
WaDu,WaPo Duisburg,99,,,0,2,4,DE,,7,2022,Warner Bros ITVP Deutschland,99
DiRoCo,Die Rosenheim Cops,99,,,0,2,2,DE,Bavaria,6,2019,Bavaria Fiction,99
Stava,Stavanger,99,,,0,2,6,DE,,"5,8",2014,,99
MeBe,Meine Beschneidung,99,,,0,2,2,DE,Tuerkei,"6,1",2013,Neue Zeit Filmproduktion,99
DS,Dennis Schanz,1,Freie Universitaet Berlin,FU Berlin,1,1,4,,,,,,99
Dohaha,Doppelhaushaelfte,99,,,0,2,2,DE,Brandenburg,"7,6",2022,Iconoclast Films,99
Dak,Dark,99,,,0,3,99,,,,,,99
DakS1,Dak Staffel 1,99,,,0,2,6,DE,Berlin,,,"Wiedemann und Berg 
Filmproduktion",99
DakS1E1,Dak Staffel 1 Episode 1,99,,,0,2,6,DE,Berlin,"8,2",2017,Wiedemann und Berg Filmproduktion,99
DakS1E2,Dak Staffel 1 Episode 2,99,,,0,2,6,DE,Berlin,"8,1",2017,"Wiedemann und Berg 
Filmproduktion",99
DakS1E3,Dak Staffel 1 Episode 3,99,,,0,2,6,DE,Berlin,"8,5",2017,"Wiedemann und Berg 
Filmproduktion",99
DakS1E4,Dak Staffel 1 Episode 4,99,,,0,2,6,DE,Berlin,"8,2",2017,"Wiedemann und Berg 
Filmproduktion",99
DakS1E5,Dak Staffel 1 Episode 5,99,,,0,2,6,DE,Berlin,"8,8",2017,"Wiedemann und Berg 
Filmproduktion",99
DakS1E6,Dak Staffel 1 Episode 6,99,,,0,2,6,DE,Berlin,9,2017,"Wiedemann und Berg 
Filmproduktion",99
DakS1E7,Dak Staffel 1 Episode 7,99,,,0,2,6,DE,Berlin,"8,6",2017,"Wiedemann und Berg 
Filmproduktion",99
DakS1E8,Dak Staffel 1 Episode 8,99,,,0,2,6,DE,Berlin,"9,1",2017,"Wiedemann und Berg 
Filmproduktion",99
DakS1E9,Dak Staffel 1 Episode 9,99,,,0,2,6,DE,Berlin,"8,6",2017,"Wiedemann und Berg 
Filmproduktion",99
DakS1E10,Dak Staffel 1 Episode 10,99,,,0,2,6,DE,Berlin,"9,1",2017,"Wiedemann und Berg 
Filmproduktion",99
DakS2,Dak Staffel 2,99,,,0,2,6,DE,Berlin,,,"Wiedemann und Berg 
Filmproduktion",99
DakS2E1,Dak Staffel 2 Episode 1,99,,,0,2,6,DE,Berlin,"8,7",2019,"Wiedemann und Berg 
Filmproduktion",99
DakS2E2,Dak Staffel 2 Episode 2,99,,,0,2,6,DE,Berlin,"8,8",2019,"Wiedemann und Berg 
Filmproduktion",99
DakS2E3,Dak Staffel 2 Episode 3,99,,,0,2,6,DE,Berlin,9,2019,"Wiedemann und Berg 
Filmproduktion",99
DakS2E4,Dak Staffel 2 Episode 4,99,,,0,2,6,DE,Berlin,"9,4",2019,"Wiedemann und Berg 
Filmproduktion",99
DakS2E5,Dak Staffel 2 Episode 5,99,,,0,2,6,DE,Berlin,"9,2",2019,"Wiedemann und Berg 
Filmproduktion",99
DakS2E6,Dak Staffel 2 Episode 6,99,,,0,2,6,DE,Berlin,"9,5",2019,"Wiedemann und Berg 
Filmproduktion",99
DakS2E7,Dak Staffel 2 Episode 7,99,,,0,2,6,DE,Berlin,"9,1",2019,"Wiedemann und Berg 
Filmproduktion",99
DakS2E8,Dak Staffel 2 Episode 8,99,,,0,2,6,DE,Berlin,"9,4",2019,"Wiedemann und Berg 
Filmproduktion",99
DakS3,Dak Staffel 3,99,,,0,2,6,DE,Berlin,,,"Wiedemann und Berg 
Filmproduktion",99
DakS3E1,Dak Staffel 3 Episode 1,99,,,0,2,6,DE,Berlin,"8,8",2020,"Wiedemann und Berg 
Filmproduktion",99
DakS3E2,Dak Staffel 3 Episode 2,99,,,0,2,6,DE,Berlin,"8,6",2020,"Wiedemann und Berg 
Filmproduktion",99
DakS3E3,Dak Staffel 3 Episode 3,99,,,0,2,6,DE,Berlin,"8,6",2020,"Wiedemann und Berg 
Filmproduktion",99
DakS3E4,Dak Staffel 3 Episode 4,99,,,0,2,6,DE,Berlin,"8,9",2020,"Wiedemann und Berg 
Filmproduktion",99
DakS3E5,Dak Staffel 3 Episode 5,99,,,0,2,6,DE,Berlin,"9,2",2020,"Wiedemann und Berg 
Filmproduktion",99
DakS3E6,Dak Staffel 3 Episode 6,99,,,0,2,6,DE,Berlin,9,2020,"Wiedemann und Berg 
Filmproduktion",99
DakS3E7,Dak Staffel 3 Episode 7,99,,,0,2,6,DE,Berlin,"9,4",2020,"Wiedemann und Berg 
Filmproduktion",99
DakS3E8,Dak Staffel 3 Episode 8,99,,,0,2,6,DE,Berlin,"9,6",2020,"Wiedemann un dBerg 
Filmproduktion",99
BbO,Baran bo Odar,1,Hochschule fuer Fernsehen und Film Muenchen,HFFM,3,1,6,,,,,,99
MOS,Marc O Seng,1,Filmakademie Baden Württemberg,FABW,0,1,6,,,,,,99
Hogr,Hoellgrund,99,,,0,2,4,DE,Schwarzwald,"6,6",2022,Studio Zentral,99
Unbr,Unbroken,99,,,0,2,4,DE,Koeln,"6,9",2021,Nework Movie,99
FrDuvoun,Freaks Du bist eine von uns,99,,,0,2,6,DE,Berlin,"5,4",2020,,99
CluroBa,Club der roten Baender,99,,,0,2,6,DE,Muengersdorf,"8,1",2015,Bantry Bay Productions,99
Lebe,Lerchenberg,99,,,0,2,2,DE,Mainz,"6,7",2013,,99
DiPi,Die Pilgerin,99,,,0,2,6,DE,Techische Republik,"6,1",2014,MIA Film,99
MB,Martin Behnke,1,Filmakademie Baden Wuerttemberg,FABW,1,1,6,,,,,,99
MuGa,Munich Games,99,,,0,2,4,DE,,"6,5",2022,Amusement Park Films,99
DaQu,Das Quartett,99,,,0,2,4,DE,Berlin,"5,4",2019,Akzente Film und Fernsehproduktion,99
Wikonian,Wir koennen nicht anders,99,,,0,2,2,DE,Brandenburg,"4,8",2020,DCM Productions,99
LaIgmaWa,Latte Igel und der magische Wasserstein,99,,,0,2,2,DE,,"5,6",2019,Dreamin Dolphin Film,99
DePrKr,Der Prag Krimi,99,,,0,2,4,DE,Prag,"5,7",2018,ARD,99
DiStMa,Die Stadt und die Macht,99,,,0,2,6,DE,Berlin,"5,2",2016,Real Film Berlin,99
WiJu,Wir sind jung Wir sind stark,99,,,0,2,4,DE,Halle,7,2015,UFA Fiction,99
RS,Ronny Schalk,1,Filmakademie Baden Wuerttemberg,FABW,0,1,6,,,,,,99
Ok19,Oktoberfest 1900,99,,,0,2,6,DE,Bavaria,"6,8",2020,Zeitsprung Pictures,99
WiwoMe,Wir wollten aufs Meer,99,,,0,2,6,DE,Saarbruecken,"6,6",2013,UFA Fiction,99
DF,Daphne Ferraro,2,Hochschule fuer Fernsehen und Film Muenchen,HFFM,0,1,6,,,,,,99
Fly,Fly,99,,,0,2,6,DE,Berlin,6,2021,SevenPictures Film,99
GrBu,Grave Butler,99,,,0,2,6,DE,,,2018,Hochschule fuer Fernsehen und Film Muenchen,99
Mia,Mia,99,,,0,2,2,DE,,,2015,,99
K,Kleo,99,,,0,3,99,,,,,,99
KS1,K Staffel 1,99,,,0,2,4,DE,Koeln,,2022,Zeitsprung Pictures GmbH,99
KS1E1,K Staffel 1 Episode 1,99,,,0,2,4,DE,Koeln,"7,2",2022,Zeitsprung Pictures GmbH,99
KS1E2,K Staffel 1 Episode 2,99,,,0,2,4,DE,Koeln,"7,3",2022,Zeitsprung Pictures GmbH,99
KS1E3,K Staffel 1 Episode 3,99,,,0,2,4,DE,Koeln,"7,5",2022,Zeitsprung Pictures GmbH,99
KS1E4,K Staffel 1 Episode 4,99,,,0,2,4,DE,Koeln,"7,5",2022,Zeitsprung Pictures GmbH,99
KS1E5,K Staffel 1 Episode 5,99,,,0,2,4,DE,Koeln,"7,6",2022,Zeitsprung Pictures GmbH,99
KS1E6,K Staffel 1 Episode 6,99,,,0,2,4,DE,Koeln,"7,4",2022,Zeitsprung Pictures GmbH,99
KS1E7,K Staffel 1 Episode 7,99,,,0,2,4,DE,Koeln,"7,6",2022,Zeitsprung Pictures GmbH,99
KS1E8,K Staffel 1 Epsiode 8,99,,,0,2,4,DE,Koeln,"7,4",2022,Zeitsprung Pictures GmbH,99
VA,Viviane Andereggen,2,Universitaet Basel,UB,3,1,4,,,,,,1
TaZue,Tatort Zueri braennt,99,,,0,2,4,CHE,Frankfurt am Main,"5,7",2020,ARD Degeto Film,99
TaScho,Tatort Schoggilaebe,99,,,0,2,4,CHE,Frankfurt am Main,5,2021,ARD Degeto Film,99
DiDr,Die drei Ausrufezeichen,99,,,0,2,4,DE,Muenchen,5,2019,Constantin Film,99
KeCaCuOn,Keep Calm and Curry on,99,,,0,2,6,DE,Koeln,,2019,Network Movie Film und Fernsehproduktion,99
Rumo,Rufmord,99,,,0,2,4,DE,Muenchen,"6,6",2018,Hager Moss Film,99
KeHefuIn,Kein Herz fuer Inder,99,,,0,2,6,DE,Koeln,"5,4",2017,Network Movie Film und Fernsehproduktion,99
HaundeNe,Hattinger und der Nebel Ein Chiemseekrimi,99,,,0,2,4,DE,Koeln,"6,3",2016,Network Movie Film und Fernsehproduktion,99
SiSaAu,Simon sagt Auf Wiedersehen zu seiner Vorhaut,99,,,0,2,2,DE,Hamburg,"6,2",2015,Element e Filmproduktion,99
SchuUmSchu,Schuld um Schuld,99,,,0,2,6,DE,Hamburg,"5,2",2014,Hamburg Media School,99
HaUnDeHu,Habib und der Hund,99,,,0,2,2,DE,Hamburg,,2014,Hamburg Media School,99
FuLo,Fuer Lotte,99,,,0,2,6,DE,,,2013,,99
JBC,Jano Ben Chaabane,1,,,1,1,4,,,,,,99
DeWiKr,Der Wien Krimi Bild ermittelt Lebendig begraben,99,,,0,2,4,AUT,Wien,"6,1",2021,Mona Film Produktion,99
Mapa,Mapa,99,,,0,2,2,DE,Berlin,"7,1",2020,Readymade Films,99
BliErSevoWi,Blind ermittelt Die verlorenen Seelen von Wien,99,,,0,2,4,AUT,Wien,"5,8",2019,Mona Film Produktion,99
BliErMaevoWi,Blind ermittelt Die toten Maedchen von Wien,99,,,0,2,4,AUT,Wien,"6,8",2018,Mona Film Produktion,99
EiMaEiWa,Ein Mann eine Wahl,99,,,0,2,99,DE,Muenchen,,2017,ProSieben,99
CuNiSchu,Culpa Niemand ist ohne Schuld,99,,,0,2,4,DE,New York,"6,4",2017,NBCUniversal International Networks,99
StuAm,Studio Amani,99,,,0,2,99,DE,Munenchen,,2016,ProSieben,99
HHCK,Hanno Hackfort,1,,,1,1,4,,,,,,1
GuFr,Gute Freunde Der Aufstieg des FC Bayern,99,,,0,2,6,DE,Babelsberg,,2023,UFA Fiction,99
PaWeKi,Para We are King,99,,,0,2,6,DE,Muenchen,"6,7",2023,WundB Television,99
TaLoisPa,Tatort Love is Pain,99,,,0,2,4,DE,Koeln,"6,7",2023,Ester Reglin Film,99
FuFoDo,Funeral for a Dog,99,,,0,2,4,DE,Berlin,"6,7",2022,Flare Entertainment,99
SOPo,SOKO Potsdam,99,,,0,2,4,DE,Koeln,"6,5",2021,Bantry Bay Productions,99
SpeLi,Specialiste,99,,,0,2,4,CZE,Irving,"5,9",2020,D N A Production,99
4Blo,4 Blocks,99,,,0,2,4,DE,Muenchen,"8,2",2019,WundB Television,99
MoimNo,Morden im Norden,99,,,0,2,2,DE,Leipzig,"5,7",2018,MDR,99
LaunEr,Labaule und Erben,99,,,0,2,2,DE,Stuttgart,"6,8",2018,SWR,99
YoArWa,You Are Wanted,99,,,0,2,6,DE,Culver City,"6,1",2018,Amazon Studios,99
KounHa,Koslowski und Haferkamp,99,,,0,2,2,DE,,"7,1",2014,,99
VeLie,Verbotene Liebe,99,,,0,2,6,DE,Potsdam,"5,2",2013,UFA Serial Drama,99
RK,Richard Kropf,1,Lee Strasberg Theatre und Film Institute,LSTFI,1,1,4,,,,,,99
WoEnRe,Wochenendrebellen,99,,,0,2,2,DE,Muenchen,,2023,Wiedemann und Berg Filmproduktion,99
LaXMa,Last X Mas,99,,,0,2,3,DE,Koeln,"6,8",2022,Bantry Bay Production,99
HotoDa,How to Dad,99,,,0,2,2,DE,Muenchen,"6,3",2022,Keshet Tresor Fiction,99
DeRVoLenaWi,Der Rebell Von Leim nach Wimbledon,99,,,0,2,6,DE,Muenchen,"6,2",2021,Violet Pictures,99
DaWiimLe,Das Wichtigste im Leben,99,,,0,2,2,DE,Koeln,"6,5",2019,Bantry Bay Production,99
JoKL,Josephine Klick Allein unter Cops,99,,,0,2,2,DE,Babelsberg,"6,9",2014,UFA Fiction,99
DeKna,Der Knastarzt,99,,,0,2,6,DE,Koeln,7,2014,ITV Studios Germany,99
ThLaCo,The Last Cop How It All Began,99,,,0,2,2,DE,Unterfoeringen,,2013,ProSiebenSat 1 Media SE,99
DeleBu,Der letzte Bulle,99,,,0,2,4,DE,Koeln,"7,3",2013,ITV Studios Germany,99
BK,Bob Konrad,1,Universitaet der Kuenste Berlin,UDK,1,1,4,,,,,,1
DeklRaSo,Der kleine Rabe Socke Die Serie,99,,,0,2,99,DE,Angouleme,"8,2",2017,2 Minutes Animation,99
DaZei,Das Zeitkarussell,99,,,0,2,99,DE,Hannover,"8,3",2015,Ambient Entertainment GmbH,99
DoB,Dogs of Berlin,99,,,0,3,4,DE,Berlin,,,,99
DoBS1,DoB Staffel 1,99,,,0,2,99,,,,,,99
DoBS1E1,DoB Staffel 1 Episode 1,99,,,0,2,4,DE,Berlin,"7,4",2018,Syrreal Entertainment GmbH,99
DoBS1E2,DoB Staffel 1 Episode 2,99,,,0,2,4,DE,Berlin,"7,4",2018,Syrreal Entertainment GmbH,99
DoBS1E3,DoB Staffel 1 Episode 3,99,,,0,2,4,DE,Berlin,"7,5",2018,Syrreal Entertainment GmbH,99
DoBS1E4,DoB Staffel 1 Episode 4,99,,,0,2,4,DE,Berlin,"7,6",2018,Syrreal Entertainment GmbH,99
DoBS1E5,DoB Staffel 1 Episode 5,99,,,0,2,4,DE,Berlin,"7,6",2018,Syrreal Entertainment GmbH,99
DoBS1E6,DoB Staffel 1 Episode 6,99,,,0,2,4,DE,Berlin,"7,5",,Syrreal Entertainment GmbH,99
DoBS1E7,DoB Staffel 1 Episode 7,99,,,0,2,4,DE,Berlin,"7,6",,Syrreal Entertainment GmbH,99
DoBS1E8,DoB Staffel 1 Episode 8,99,,,0,2,4,DE,Berlin,"7,9",,Syrreal Entertainment GmbH,99
DoBS1E9,DoB Staffel 1 Episode 9,99,,,0,2,4,DE,Berlin,"8,3",,Syrreal Entertainment GmbH,99
DoBS1E10,DoB Staffel 1 Episode 10,99,,,0,2,4,DE,Berlin,"8,4",,Syrreal Entertainment GmbH,99
CA,Christian Alvart,1,,,3,1,4,,,,,,1
SlBo,Sloborn,99,,,0,2,6,DE,Berlin,"6,7",2021,Syrreal Entertainment,99
ZeNe,Ze Network,99,,,0,2,2,DE,Los Angeles,"6,1",2022,CBS Studios,99
FrLa,Freies Land,99,,,0,2,4,DE,Berlin,"6,7",2019,Syrreal Entertainment,99
AbGe,Abgeschnitten,99,,,0,2,4,DE,Berlin,"6,5",2018,Syrreal Entertainment,99
SteiNiAu,Steig Nicht Aus,99,,,0,2,4,DE,Berlin,"5,8",2018,Syrreal Entertainment,99
HaBrue,Halbe Brueder,99,,,0,2,2,DE,Universal City,"5,4",2015,Universal Pictures,99
BaLa,Banklady,99,,,0,2,4,DE,Berlin,"6,3",2013,Syrreal Entertainment,99
TaWiHa,Tatort Willkommen in Hamburg,99,,,0,2,4,DE,Muenchen,6,2013,Constantin Television,99
TaKo,Tatort Kopfgeld,99,,,0,2,4,DE,Muenchen,"5,4",2014,Constantin Television,99
TaDeGroSchme,Tatort Der große Schmerz,99,,,0,2,4,DE,Frankfurt am Main,"5,4",2016,ARD Degeto Film,99
TaFeFeu,Tatort Fegefeuer,99,,,0,2,4,DE,Frankfurt am Main,"5,8",2016,ARD Degeto Film,99
TaTschi,Tatort Tschiller Off Duty,99,,,0,2,4,DE,Berlin,"4,4",2016,Syrreal Entertainment,99
IZ,Ipek Zuebert,2,,,0,1,4,,,,,,99
TheMo,The Mopes,99,,,0,2,2,DE,,6,2021,,99
Ka08,Kalinka08 Melde dich bitte,99,,,0,2,99,DE,Berlin,,2020,Studio Zentral,99
WisidiWe,Wir sind die Welle,99,,,0,2,6,DE,Muenchen,"6,3",2019,Rat Pack Filmproduktion,99
BruSchwaMa,Bruder Schwarze Macht,99,,,0,2,4,DE,Hamburg,"6,8",2017,Aspekt Medienproduktion,99
EiAte,Ein Atem,99,,,0,2,6,DE,Berlin,"6,4",2015,Senator Film Koeln,99
EY,Erol Yesilkaya,1,Philipps Universitaet Marburg,PUM,1,1,4,,,,,,1
DeGre,Der Greif,99,,,0,2,6,DE,Muenchen,"6,9",2023,WundB Television,99
TaAlMeiJu,Tatort Alle meine Jungs,99,,,0,2,4,DE,Frankfurt am Main,"5,9",2014,ARD Degeto Film,99
TaDaHaEnStra,Tatort Das Haus am Ende der Straße,99,,,0,2,4,DE,Frankfurt am Main,"7,2",2015,ARD Degeto Film,99
TaHideSpie,Tatort Hinter dem Spiegel,99,,,0,2,4,DE,Frankfurt am Main,"6,5",2015,ARD Degeto Film,99
TaEsledeTo,Tatort Es lebe der Tod,99,,,0,2,4,DE,Frankfurt am Main,"7,4",2016,ARD Degeto Film,99
TaDieWa,Tatort Die Wahrheit,99,,,0,2,4,DE,Berlin,"7,3",2016,X Filme Creative Pool,99
TaDeTogaLe,Tatort Der Tod ist unser ganzes Leben,99,,,0,2,4,DE,Berlin,"6,9",2017,X Filme Creative Pool,99
TaWejealis,Tatort Wer jetzt alleine ist,99,,,0,2,4,DE,Muenchen,"6,4",2018,WundB Television,99
TaEiTawijean,Tatort Ein Tag wie jeder andere,99,,,0,2,4,DE,Muenchen,"7,3",2019,Claussen Putz Filmproduktionen,99
TaDaNe,Tatort Das Nest,99,,,0,2,99,DE,Berlin,"8,7",2019,Phoenix Film,99
TaPara,Tatort Parasomnia,99,,,0,2,4,DE,Berlin,"7,4",2020,ARD Degeto Film,99
TaDaOpf,Tatort Das Opfer,99,,,0,2,4,DE,,"6,8",2022,,99
TaMeta,Tatort Meta,99,,,0,2,4,DE,Muenchen,"7,6",2018,WundB Television,99
Sou,Souls,99,,,0,2,6,DE,Muenchen,"6,9",2022,Grießendoefer Pictures,99
Hau,Hausen,99,,,0,2,6,DE,Berlin,5,2020,Lago Film,99
Exit,Exit,99,,,0,2,6,DE,Berlin,"6,1",2020,Sommerhaus Filmproduktionen,99
NoHa,Notruf Hafenkante,99,,,0,2,4,DE,Hamburg,"5,6",2019,Letterbox Filmproduktion,99
MP,Michael Proehl,1,Filmakademie Baden Wuerttemberg,FABW,2,1,4,,,,,,1
GeCriSto,German Crime Story,99,,,0,2,4,DE,Muenchen,"7,3",2023,Neue Bioskop Television,99
Heustihiekai,Heute stirbt hier Kainer,99,,,0,2,2,DE,Frankfurt am Main,"6,4",2021,Hessischer Rundfunk,99
TaImSchmege,Tatort Im Schmerz geboren,99,,,0,2,4,DE,Frankfurt am Main,"8,2",2014,ARD Degeto Film,99
TaWeWiern,"Tatort Wer Wind erntet, saet Sturm",99,,,0,2,4,DE,Frankfurt am Main,"5,5",2015,ARD Degeto Film,99
TaWikrieeu,Tatort Wir kriegen euch alle,99,,,0,2,4,DE,Dresden,"7,1",2018,Tellux Film,99
DaweiKa,Das weiße Kaninchen,99,,,0,2,6,DE,Koeln,"6,9",2016,FFP New Media GmbH,99
Schwa23uHadeTo,Schwarzach 23 und die Hand des Todes,99,,,0,2,4,DE,Muenchen,"6,1",2015,TV 60 Filmproduktion,99
Dri,Driften,99,,,0,2,6,CHE,Stuttgart,"6,8",2015,Langfilm,99
HSH,Henner Schulte Holtey,1,Deutsche Film und Fernsehakademie Berlin,DFFB,0,1,4,,,,,,99
Fu,Furia,99,,,0,2,4,NO,Oslo,"7,1",2021,Monster Scripted,99
LeSpuBe,Letzte Spur Berlin,99,,,0,2,4,DE,Berlin,"6,4",2014,Novafilm Fernsehproduktion,99
KoevoDeu,Koenig von Deutschland,99,,,0,2,2,DE,Berlin,"5,9",2013,Frisbeefilms,99
JC,Jan Cronauer,1,Filmakademie Baden Wuerttemberg,FABW,0,1,4,,,,,,1
DueEiNoKri,Duenentod Ein Nordsee Krimi,99,,,0,2,4,DE,Berlin,"6,3",2023,MadeFor Film,99
TaFriosti,Tatort Friss oder stirb,99,,,0,2,4,CHE,Zuerich,"6,4",2018,Schweizer Radio und Fernsehen,99
TaKauMau,Tatort Katz und Maus,99,,,0,2,4,DE,Berlin,"6,9",2022,MadeFor Film,99
DiKaeVe,Die Kaenguru Verschwoerung,99,,,0,2,2,DE,Berlin,"5,8",2022,X Film Creativ Pool,99
LeiLa,Leisure Land,99,,,0,2,4,DE,Berlin,"8,8",2020,Novafilm Fernsehproduktion,99
OffDaLeikeiBo,Offline Das Leben ist kein Bonuslevel,99,,,0,2,2,DE,Muenchen,"5,2",2016,Rat Pack Filmproduktion,99
LaofGi,Land of Giants,99,,,0,2,99,DE,Berlin,"7,1",2013,RoundhouseFilm,99
RM,Ron Markus,1,Filmakademie Baden Wuerttemberg,FABW,1,1,4,,,,,,99
AnEl,Andere Eltern,99,,,0,2,2,DE,Berlin,7,2020,Eitel Sonnenschein,99
BaBa,Bad Banks,99,,,0,2,4,DE,Berlin,"7,8",2020,Letterbox Filmproduktion,99
KaFfo,Katie Fforde,99,,,0,2,6,DE,,5,2019,,99
DeLe,Der Lehrer,99,,,0,2,2,DE,,"7,2",2017,Sony Pictures Film und Fernseh Produktions,99
LoSchoe,Lola Schoen Kommissarin Deluxe,99,,,0,2,4,DE,Berlin,,2013,Opal Filmproduktion,99
GH,Georg Hartmann,1,Ruhr Universitaet Bochum,RUB,0,1,4,,,,,,99
SOKoe,SOKO Koeln,99,,,0,2,4,DE,Koeln,"5,4",2020,Network Movie Film und Fernsehproduktion,99
ProT,Professor T,99,,,0,2,4,DE,Koeln,"6,8",2017,Rowboat Film und Fernsehproduktion,99
DiChe,Die Chefin,99,,,0,2,4,DE,Koeln,"6,4",2016,Network Movie Film und Fernsehproduktion,99
AR,Arend Remmers,1,,,3,1,4,,,,,,99
BoKiWo,Boy Kills World,99,,,0,2,99,DE,Midrand,"6,5",2023,Nthibah Pictures,99
TraFa,Traumfabrik,99,,,0,2,2,DE,Babelsberg,"6,5",2019,Traumfabrik Babelsberg,99
RounKla,Ronny und Klaid,99,,,0,2,2,DE,Berlin,"5,6",2018,Dropkick Pictures,99
Schnefloe,Schneefloeckchen,99,,,0,2,2,DE,Berlin,"6,3",2017,Lopta Film,99
UnZeiije,Unsere Zeit ist jetzt,99,,,0,2,2,DE,Ruedersdorf,"5,2",2016,Warner Bros Filmproductions Germany,99
Kry,Kryo,99,,,0,2,6,DE,Ludwigsburg,"6,6",2016,Filmakademie Baden Wuerttemberg,99
Unplu,Unplugged,99,,,0,2,99,CAN,,"8,2",2015,Dakota Pictures,99
EnidiEn,Entscheidend ist die Entscheidung,99,,,0,2,99,DE,Berlin,,2015,Lopta Film,99
Wisihi,Wir sind hier Alba Berlin,99,,,0,2,99,DE,Berlin,,2013,Lopta Film,99
Aubli,Augenblick,99,,,0,2,6,DE,Berlin,6,2013,Lopta Film,99
UN,Unorthodox,99,,,0,3,6,DE,Berlin,8,2020,Studio Airlift,99
UNS1,UN Staffel 1,99,,,0,2,99,,,,,,99
UNS1E1,UN Staffel 1 Episode 1,99,,,0,2,6,DE,Berlin,"7,8",2020,Studio Airlift,99
UNS1E2,UN Staffel1 Episode 2,99,,,0,2,6,DE,Berlin,8,2020,Studio Airlift,99
UNS1E3,UN Staffel 1 Episode 3,99,,,0,2,6,DE,Berlin,7,2020,Studio Airlift,99
UNS1E4,UN Staffel 1 Episode 4,99,,,0,2,6,DE,Berlin,"8,2",2020,Studio Airlift,99
MaS,Maria Schrader,2,,,3,1,6,,,,,,99
ShSa,She Said,99,,,0,2,6,JPN,New York,"7,3",2022,Universal Pictures,99
IcbideMe,Ich bin dein Mensch,99,,,0,2,2,DE,Berlin,"7,1",2021,Letterbox Filmproduktion,99
VodeMo,Vor der Morgenroete,99,,,0,2,6,AUS,Bahia,"6,7",2016,X Filme Creative Pool,99
AW,Anna Winger,2,Columbia University New York,CUNY,1,1,6,,,,,,99
TrAn,Transatlantic,99,,,0,2,6,DE,Marseille,"6,6",2023,Studio Airlift,99
CoCa,Comrades und Cash Geheime Geschaefte unter dem Eisernen Vorhand,99,,,0,2,99,,,"7,5",2018,MobyDok Medienproduktion,99
De83,Deutschland 83,99,,,0,2,6,DE,Berlin,"8,1",2015,RTL,99
AK,Alexa Karolinksi,2,School of Visual Arts,SVA,1,1,6,,,,,,99
HK,Henning Kamm,1,Universitaet Lueneburg,UL,3,1,6,,,,,,99
EvFcCr,Everyone is Fcking Crazy,99,,,0,2,6,DE,,"7,2",2023,Real Film Berlin,99
ScHu,Schlafende Hunde,99,,,0,2,4,DE,Berlin,"6,4",2023,Real Film Berlin,99
3eiSt,3 einhalb Stunden,99,,,0,2,4,DE,,"6,3",2021,Real Film Berlin,99
AuDeToBu,Auckland Detectives Toedliche Bucht,99,,,0,2,4,NZL,Auckland,"6,8",2019,Letterbox Filmproduktion,99
PaWo7,Papa auf Wolke 7,99,,,0,2,2,DE,Berlin,"5,6",2020,Real Film Berlin,99
Po110,Polizeiruf 110,99,,,0,2,6,DE,,"6,4",2013,Deutscher Fernsehfunk,99
VoBiBi,Von Bienen und Blumen,99,,,0,2,99,DE,Gerswalde,6,2019,Detailfilm,99
MoPion,Monsieur Pierre geht online,99,,,0,2,2,FR,Koeln,"6,3",2017,Ici et la Productions,99
Erlo,Erloesung,99,,,0,2,4,DNK,Romo,7,2016,Zentropa Entertainments,99
BeMe,Berlin Metanoia,99,,,0,2,6,DE,Berlin,"7,5",2016,Detailfilm,99
OnTwTh,One Two Three,99,,,0,2,99,ARM,,"7,2",2015,Bars Media,99
Szgy,Szerdai gyerek,99,,,0,2,6,HUN,,"6,7",2015,Popfilm,99
Dina,Dissonance,99,,,0,2,6,DE,,"6,9",2015,FrameboX,99
Dela,Delay,99,,,0,2,2,DE,,"6,8",2014,,99
II,II,99,,,0,2,6,,Sterea Ellada,"6,2",2014,Horsefly Productions,99
Tekp,Telekomando,99,,,0,2,2,DE,,"7,1",2014,Detailfilm,99
Foev,Forever,99,,,0,2,6,DE,Berlin,"7,6",2014,Detailfilm,99
Kuzu,Kuzu,99,,,0,2,6,TUR,Erzincan,"6,6",2015,Institute for the Readjustment of Clocks,99
FuBe,Future Beach,99,,,0,2,6,BRA,Berlin,"6,3",2014,Coracao da Selva,99
Sama,Sa mamom,99,,,0,2,6,BIH,Sarajevo,6,2013,SCCA pro ba,99
KeibeBe,K ein besonderes Beduerfnis,99,,,0,2,99,ITA,Italien,"7,3",2014,Detailfilm,99
Kadra,Kathedralen,99,,,0,2,99,DE,Ordos,"8,1",2013,Detailfilm,99
NaGa,Nashorn im Galopp,99,,,0,2,2,DE,Berlin,"7,7",2013,Detailfilm,99
DK,Die Kaiserin,99,,,0,3,6,DE,Berlin,"7,8",2022,Sommerhaus Serien,99
DKS1,Staffel 1,99,,,0,2,99,,,,,,99
DKS1E1,DK Staffel 1 Episode 1,99,,,0,2,6,DE,Berlin,"7,6",2022,Sommerhaus Serien,99
DKS1E2,DK Staffel 1 Episode 2,99,,,0,2,6,DE,Berlin,"7,6",2022,Sommerhaus Serien,99
DKS1E3,DK Staffel 1 Episode 3,99,,,0,2,6,DE,Berlin,"7,6",2022,Sommerhaus Serien,99
DKS1E4,DK Staffel 1 Episode 4,99,,,0,2,6,DE,Berlin,"7,7",2022,Sommerhaus Serien,99
DKS1E5,DK Staffel 1 Episode 5,99,,,0,2,6,DE,Berlin,8,2022,Sommerhaus Serien,99
DKS1E6,DK Staffel 1 Episode 6,99,,,0,2,6,DE,Berlin,"8,3",2022,Sommerhaus Serien,99
FC,Florian Cossen,1,Filmakademie Baden Wuerttemberg,FABW,2,1,99,,,,,,99
DeNsu,Mitten in Deutschland NSU,99,,,0,2,4,DE,,"7,3",2016,,99
CoHe,Coconut Hero,99,,,0,2,2,DE,,"6,3",2015,UFA Fiction,99
KG,Katrin Gebbe,2,Academy of Visual Arts Enschedde,AoVa,3,1,6,,,,,,99
PeBl,Pelikanblut,99,,,0,2,6,BGR,,"6,1",2019,Junafilm,99
FiGuEv,The Field Guide to Evil,99,,,0,2,99,USA,Istanbul,"4,8",2018,Aurum Film,99
MiHi,Fuenf Minuten im Himmel,99,,,0,2,4,DE,Freiburg,"5,1",2016,Zieglerfilm Baden Baden GmbH,99
ToTa,Tore tanzt,99,,,0,2,4,DE,Hamburg,"6,9",2013,Junafilm,99
KE,Katharina Eyssen,2,Hochschule fuer Fernsehen und Film Drehbuch und Dramaturgie,HFFDD,1,1,6,,,,,,99
BaKr,Der Barcelona Krimi,99,,,0,2,4,DE,Barcelona,"6,3",2022,,99
ZeGe,Zeit der Geheimnisse,99,,,0,2,6,DE,,"6,5",2019,Netflix Studios,99
RaDa,Rate your Date,99,,,0,2,2,DE,Berlin,"5,6",2019,SevenPictures Film,99
RoZae,Rockstars zaehmt man nicht,99,,,0,2,2,DE,,"5,6",2017,Pantaleon Films,99
DoRo,Ein Dorf rockt ab,99,,,0,2,2,DE,Brandenburg,"5,5",2017,Amalia Film,99
SeWe,Seitenwechsel,99,,,0,2,2,DE,Berlin,"5,5",2016,Odeon Fiction,99
HeBl,Heute bin ich blond,99,,,0,2,6,BEL,Hamburg,"6,8",2013,Goldkind Filmproduktion,99
BL,Bernd Lange,1,Filmakademie Baden Wuerttemberg,FABW,2,1,6,,,,,,1
TaFa,Tatort In der Familie,99,,,0,2,4,DE,,7,2020,ARD Degeto,99
TaBlAn,Tatort Die Blicke der Anderen,99,,,0,2,4,DE,Gaggenau,"6,2",2022,,99
TaHoTo,Tatort Hochamt fuer Toni,99,,,0,2,4,DE,Arberg,"6,3",2022,,99
DaNe,Das Netz,99,,,0,2,4,DE,,"6,1",2022,Hugofilm Features,99
DeKr,Der Kriminalist,99,,,0,2,4,DE,Berlin,7,2020,Monaco Film GmbH,99
UeLae,Der Ueberlaeufer,99,,,0,2,6,DE,Polen,"6,8",2020,Dreamtool Entertainment,99
CrDe,Criminal Deutschland,99,,,0,2,4,DE,,"7,6",2020,Netflix Studios,99
Po110Si,Polizeiruf 110 Der Fall Sikorska,99,,,0,2,4,DE,,"6,4",2018,,99
DaVe,Das Verschwinden,99,,,0,2,4,CZE,,"7,3",2017,23 5 Filmproduktion GmbH,99
KlLue,Eine kleine Luege,99,,,0,2,2,DE,Berlin,"7,2",2017,Dreamtool Entertainment,99
ZwZwZe,Zweimal zweites Leben,99,,,0,2,6,DE,Muenchen,"5,9",2016,Dreamtool Entertainment,99
AkGr,Akte Grueninger,99,,,0,2,6,CHE,St Gallen,"6,8",2014,SRF,99
JN,Janna Nandzik,2,,,1,1,6,,,,,,99
DrCk,Druck,99,,,0,2,6,DE,,"7,8",2018,Bantry Bay Productions,99
JeRk,Jerks,99,,,0,2,2,DE,Potsdam,"8,5",2018,Pyjama Pictures,99
AbKa,About Kate,99,,,0,2,2,FRA,Berlin,"7,7",2013,Ulmen Television,99
JL,Jochen Laube,1,Filmakademie Baden Wuerttemberg,FABW,2,1,6,,,,,,1
StTr,Die stillen Trabanten,99,,,0,2,6,DE,Leipzig,"6,5",2022,Sommerhaus Filmproduktion,99
SoSc,Ich bin Sophie Scholl,99,,,0,2,99,DE,,"6,7",2021,Sommerhaus Filmproduktion,99
HeAg,Hello Again Ein Tag fuer immer,99,,,0,2,2,DE,,"5,7",2020,Sommerhaus Filmproduktion,99
BeAl,Berlin Alexanderplatz,99,,,0,2,4,NLD,,"6,9",2020,Sommerhaus Filmproduktion,99
HiKa,Als Hitler das rosa Kaninchen stahl,99,,,0,2,6,DE,Berlin,7,2019,Sommerhaus Filmproduktion,99
WaUm,Was uns nicht umbringt,99,,,0,2,6,DE,Hamburg,"6,1",2018,Cine Plus,99
InGae,In den Gaengen,99,,,0,2,6,DE,Bitterfeld,"6,9",2018,Sommerhaus Filmproduktion,99
TaRoSc,Tatort Der rote Schatten,99,,,0,2,4,DE,,"6,5",2017,ARD Degeto Film,99
ZaFr,Zapped Frank Zappa in seinen eigenen Worte,99,,,0,2,99,FRA,,"7,3",2016,UFA Fiction,99
MaeEx,Maengelexemplar,99,,,0,2,2,DE,Berlin,"5,9",2016,UFA Fiction,99
IcWe,Ich bin dann mal weg,99,,,0,2,2,DE,,"6,1",2015,UFA Fiction,99
GrEk,Grzimek,99,,,0,2,6,DE,,"6,6",2015,UFA Fiction,99
KrWe,Kreuzweg,99,,,0,2,6,FRA,Berlin,"7,4",2014,ARTE,99
16xDe,16x Deutschland Menschen Orte Geschichten,99,,,0,2,99,DE,,"7,6",2013,Bayrischer Rundfunk,99
VeFr,Verratene Freunde,99,,,0,2,6,DE,Stuttgart,"6,4",2013,ARTE,99
JaLe,5 Jahre Leben,99,,,0,2,6,FRA,Berlin,"6,8",2013,teamWorx Television und Film,99
FM,Fabian Maubach,1,Filmakademie Baden Wuerttemberg,FABW,2,1,6,,,,,,1
BDC,The Billion Dollar Code,99,,,0,3,6,DE,Berlin Budapest,8,2021,Kundschafter Filmproduktion,99
BDCS1,BDC Staffel 1,99,,,0,3,99,,,,,,99
BDCS1E1,BDC Staffel 1 Episode 1,99,,,0,2,6,DE,Berlin Budapest,8,2021,Kundschafter Filmproduktion,99
BDCS1E2,BDC Staffel 1 Episode 2,99,,,0,2,6,DE,Berlin Budapest,8,2021,Kundschafter Filmproduktion,99
BDCS1E3,BDC Staffel 1 Episode 3,99,,,0,2,6,DE,Berlin Budapest,"8,2",2021,Kundschafter Filmproduktion,99
BDCS1E4,BDC Staffel 1 Episode 4,99,,,0,2,6,DE,Berlin Budapest,"8,4",2021,Kundschafter Filmproduktion,99
RT,Robert Thalheim,1,Freie Uni Berlin,FU,2,1,6,,,,,,1
TaGo,Tatort Goldbach,99,,,0,2,4,DE,,"6,1",2017,Ard,99
TaNiWa,Tatort Nichts als die Wahrheit 1,99,,,0,2,4,DE,Berlin,"6,6",2023,,99
TaNiAlWa,Tatort Nichts als die Wahrheit 2,99,,,0,2,4,DE,Berlin,"6,5",2023,,99
TkKg,TKKG,99,,,0,2,2,DE,Ruedersdorf,"5,8",2019,Warner Bros Filmproductions Germany,99
KuFr,Kundschafter des Friedens,99,,,0,2,2,DE,Gran Canaria,"5,9",2017,Majestic Filmverleih,99
PoKaPr,Polizeiruf 110 Kaefer und Prinzessin,99,,,0,2,4,DE,Klein Ziethen,"6,2",2014,,99
ElTern,Eltern,99,,,0,2,2,DE,Berlin,"6,7",2013,Kundschafter Filmproduktion,99
OZ,Oliver Ziegenbalg,1,Universitaet Karlsruhe,UK,1,1,6,,,,,,99
RoAd,Roads,99,,,0,2,6,FRA,Tangier,"6,3",2019,Missing Link Films,99
KmH,25 km h,99,,,0,2,2,DE,Fußbach,"7,2",2018,Mythos Film,99
BlDaLe,Mein Blind Date mit dem Leben,99,,,0,2,2,DE,Muenchen,"7,1",2017,Ziegler Cinema,99
BeLeSo,Becks letzter Sommer,99,,,0,2,2,DE,Budapest,"5,8",2015,Claussen Woebke Putz Filmproduktion,99
MuWe,Frau Mueller muss weg,99,,,0,2,2,DE,Koeln,"6,2",2015,Constantin Film,99
AB,Andreas Banz,1,Filmuniversitaet Babelsberg,HFF,0,1,6,,,,,,99
KiDa,KIDA Von Beirut nach Berlin,99,,,0,2,99,DE,Berlin,,2023,ARD TV,99
HaSy,Das Hamlet Syndrom,99,,,0,2,99,POL,Lviv,"7,4",2022,Balapolis,99
AlMa,Almania,99,,,0,2,2,DE,,"6,8",2021,DCM Pictures,99
HoTa,Hoellental,99,,,0,2,4,DE,,"8,4",2021,Kundschafter Filmproduktion,99
BiDa,Big Dating,99,,,0,2,2,DE,,"7,5",2020,Kundschafter Filmproduktion,99
WaKn,Wagenknecht,99,,,0,2,99,DE,Bielefeld,"6,3",2020,Kundschafter Filmproduktion,99
MdB,Eichwald MdB,99,,,0,2,2,DE,,"7,3",2015,Kundschafter Filmproduktion,99
BrScNo,Meine Brueder und Schwestern im Norden,99,,,0,2,99,DE,Pyongyang,"7,2",2016,Kundschafter Filmproduktion,99
VeVo,Verliebt verlobt verloren,99,,,0,2,99,DE,,"7,6",2015,Kundschafter Filmproduktion,99
SB,Stephan Barth,1,,,0,1,6,,,,,,99
EvLu,Evolution,99,,,0,2,6,DE,Berlin,"6,4",2021,Match Factory Production,99
BiToFr,Bis wir tot sind oder frei,99,,,0,2,6,CHE,Zuerich,6,2020,ARTE,99
StRe,Die Stimme des Regenwaldes,99,,,0,2,6,CHE,Borneo,"7,5",2019,A Film Company,99
BrEr,Brimstone Erloese und von dem Boesen,99,,,0,2,6,NLD,Domahaza,7,2016,N279 Entertainment,99
PoTo,Polder Tokyo Heidi,99,,,0,2,6,CHE,,"4,9",2015,Dschoint Ventschr Filmproduktion AG,99
JeNi,Jetzt oder Nie,99,,,0,2,2,CHE,Zuerich,"5,9",2014,Vega Film,99
ViGr,Viktoria A Tale of Grave and Greed,99,,,0,2,6,CHE,Budapest,"6,2",2014,HesseGreutert Film AG,99
GeHe,Geld her oder Autsch,99,,,0,2,2,DE,Budapest,"3,7",2013,Proton Cinema,99
ClGe,Clara und das Geheimnis der Baeren,99,,,0,2,99,CHE,Bavaria,"5,9",2013,HesseGreutert Film AG,99
SBP,Szandra Barbara Poszar,2,Eoetvoes Lorand University,ELB,0,2,6,DE,Madrid,"7,6",2019,,99
SaSe,Saint Seiya Die Krieger des Zodiac Der Film,99,,,0,2,6,USA,Budapest,"4,4",2023,Stage 6 Films,99
MiSo,Midsommar,99,,,0,2,6,USA,Budapest,"7,1",2019,A24,99
TeRa,Terminal Rache war nie schoener,99,,,0,2,2,IRL,Budapest,"5,3",2018,Beagle Pug Films,99
RoWi,A Rose in Winter,99,,,0,2,6,GBR,Budapest,"6,1",2018,,99
TePi,Terapia,99,,,0,2,6,HUN,Budapest,"8,7",2017,,99
CG,Criminal Germany,99,,,0,3,4,DE,Madrid,"8,1",2019,Idiotlamp Productions,99
CGS1E1,CG Staffel 1 Episode 1,99,,,0,2,4,DE,Madrid,"8,1",2019,Idiotlamp Productions,99
CGS1E2,CG Staffel 1 Episode 2,99,,,0,2,4,DE,Madrid,"7,4",2019,Idiotlamp Productions,99
CGS1E3,CG Staffel 1 Episode 3,99,,,0,2,4,DE,Madrid,"8,3",2019,Idiotlamp Productions,99
GK,Goerge Kay,1,"Wellington College, Berkshire",WC,0,1,99,,,,,,99
Hija,Hijack,99,,,0,2,6,GBR,London,"7,4",2023,60Fourty Films,99
Lupi,Lupin,99,,,0,2,4,FRA,West Hollywood,"7,5",2021,Gaumont Television,99
CriVeKoe,Criminal Vereinigtes Koenigreich,99,,,0,2,4,GBR,London,"7,7",2020,Idiotlamp Productions,99
CriFra,Criminal Frankreich,99,,,0,2,4,FRA,,"7,2",2019,,99
CriSpa,Criminal Spanien,99,,,0,2,4,ESP,,"6,9",2019,,99
StaJu,Stage Jungesellenabscheid,99,,,0,2,2,GBR,London,7,2016,Idiotlamp Production,99
JFS,Jim Field Smith,1,"Wellington College, Berkshire, University of Birmingham","WC , UB",0,1,4,,,,,,99
Livi,Litvinenko,99,,,0,2,6,GBR,Koeln,"7,3",2022,ITV Studios,99
TruSe,Truth Seekers,99,,,0,2,2,GBR,Culver City,7,2020,Amazon Studios,99
TheWroMa,The Wrong Mans,99,,,0,2,2,GBR,London,"4,6",2018,BBC Studios,99
WreVoAb,Wrecked Voll abgesuertzt,99,,,0,2,2,GBR,Los Angeles,"7,3",2018,Haven Entertainment,99
DetheGu,Defending the Guilty,99,,,0,2,2,GBR,London,"7,1",2018,Big Talk Productions,99
Pea,Pearl,99,,,0,2,2,GBR,Burbank,,2016,ABC Signature,99
TheWroMaFaZeFaO,The Wrong Mans Falsche Zeit falscher Ort,99,,,0,2,2,GBR,London,"7,7",2014,BBC Studios,99
SH,Sebastian Heeg,1,Filmakademie Baden Wuerttemberg,FABW,1,1,4,,,,,,99
Grosta,Großstadtrevier,99,,,0,2,4,DE,Hamburg,"6,2",2022,Studio Hamburg Produktion,99
FreKoe,Fremdkoeper,99,,,0,2,6,DE,Ludwigsburg,"6,5",2015,Venice Pictures,99
OH,Oliver Hirschbiegl,1,Hamburger Hochschule fuer Bildende Kuenste,HBK,3,1,4,,,,,,1
Unwa,Unwanted,99,,,0,2,6,DE,Mailand,,2023,Sky Italia,99
TaUimgediNa,Tatort Und immer gewinnt die Nacht,99,,,0,2,4,DE,Frankfurt am Main,"5,8",2021,ARD Degeto Film,99
DeMa,Der Maler,99,,,0,2,99,DE,,6,2021,,99
Bill,Billions,99,,,0,2,6,USA,,"8,3",2017,Showtime Entertainment,99
DegleHi,Der gleiche Himmel,99,,,0,2,6,DE,Babelsberg,"7,4",2017,UFA Fiction,99
ElErhaediWeve,Elser Er haette die Welt veraendert,99,,,0,2,6,DE,Muenchen,7,2015,Lucky Bird Pictures,99
TuWaSpi,Turn Washingtons Spies,99,,,0,2,6,USA,New York,"8,1",2014,AMC Studios,99
Dia,Diana,99,,,0,2,6,UBR,London,"5,6",2013,Ecosse Films,99
Tatort,Tatort,99,,,0,2,99,,,,,,99